role,group,variable,ahies_code,module,status,value_type,notes
household_id_raw,B1,hhid,hhid,Design,CONFIRMED,int/str,"Resets every quarter (encodes quarter as a leading digit, e.g. 100101 = Q1 cluster01 hh01). NOT usable to link a household across quarters on its own. Kept only as a raw provenance field."
household_seq,B1,HholdID,HholdID,Design,CONFIRMED,int,"True within-cluster household serial number (stable across quarters in principle). Combine with cluster to form the household panel key. Despite the export column being named 'HholdID', it is the LAST TWO DIGITS of hhid, not a global household ID -- verified empirically (2022: matches hhid mod 100)."
cluster_psu,B1,cluster,cluster,Design,CONFIRMED,int,"Enumeration area / cluster code. 600 unique values per year, matching the GSS catalogue figure. Used as the PSU for clustered SEs and as part of the household/person panel key."
person_seq,B1,personid,personid,Design,CONFIRMED,int,"Member line number within household (per quarter roster). 'new_pid' is a duplicate of this column (>99.7% identical across all 3 years) -- personid is used as canonical, new_pid dropped."
person_seq_dup,B1,new_pid,new_pid,Design,CONFIRMED,int,"Duplicate of personid (kept out of the pipeline; documented so nobody re-derives it as a separate person key by mistake)."
district,B1,regdist,regdist,Design,CONFIRMED,str,District code/name (value-labelled 'distcode'). Available for finer geography than region if needed.
region,B1,region,region,Design,CONFIRMED,str,16 regions incl. the 2018/2019 splits (Western North/Ahafo/Bono/Bono East/Oti/Savannah/North East). Value-labelled.
locality,B1,urbrur,urbrur,Design,CONFIRMED,str,Urban/Rural (2 categories). Value-labelled.
stratum,B1,,,Design,PENDING_DDI,,"No explicit design-stratum variable was found among the 838 exported columns (checked variable names and labels). GSS AHIES strata are conventionally region x locality (urbrur); use that as the clustered/stratified-SE proxy unless the GSS technical/DDI documentation names an explicit stratum id. Confirm before final SE computation."
year_tag,B1,year,(derived from source file),Design,DERIVED,int,"2022 / 2023 / 2024. Set by which raw file the row came from -- never inferred from hhid, because hhid's leading digit is only a within-file quarter tag, not a year tag."
quarter_str,B1,quarter,quarter,Design,CONFIRMED,str,"'2022Q1'...'2024Q4'. Kept as-is for a human-readable label."
t_within_year,B1,t_within_year,(derived from quarter string),Design,DERIVED,int,"1-4, the within-year time index t used by the estimator. NOT the same as the raw 'qtr' column, which is a running counter across all three files (1-4 in 2022, 5-8 in 2023, 9-12 in 2024) rather than a within-year index -- verified by crosstabbing year x qtr against the 'quarter' string column. t_within_year is instead parsed from the last character of 'quarter' (e.g. '2022Q1' -> 1), which is reliable regardless of year."
weight_person,B1,weight_person,pop_weight,Design,CONFIRMED,float,Person-level (population) sampling weight.
weight_hh,B1,weight_hh,hh_weight,Design,CONFIRMED,float,Household-level sampling weight.
age,B5,age,s1aq4y,Demography (S1A),CONFIRMED,int,Age in completed years.
sex,B5,sex,s1aq1,Demography (S1A),CONFIRMED,str,Male / Female. Value-labelled; validated as time-invariant within-person (100% constant across quarters for linked individuals in 2022).
relationship_to_head,B5,relate_head,s1aq2,Demography (S1A),CONFIRMED,str,17-category relationship-to-head code. Value-labelled.
marital_status,B5,marital,s1aq5,Demography (S1A),CONFIRMED,str,9-category marital status. Value-labelled.
ever_attended_school,B5,ever_school,s2aq1,Education (S2A),CONFIRMED,str,"'Never attended' / 'Attended in the past' / 'Attending now'. Missingness in s2aq3 lines up almost exactly with 'Never attended' (~20.7% of working-age rows in 2022), confirming s2aq3 is the general attainment item, not a current-enrolment-only item."
education_level,B5,edu_level_raw,s2aq3,Education (S2A),CONFIRMED,str,"Highest level of schooling attending now / attended in the past. 16-category value label. Missing iff ever_attended_school == 'Never attended' (by construction/skip pattern, not a data-quality gap)."
industry_major,B5,industry_major,s4aq41a1,Labour (S4A - main job),CONFIRMED,str,"1-digit ISIC-style major division (21 categories, incl. Armed forces), main job only. Defined only when the person has a main job (see labour_status4)."
occupation_major,B5,occupation_major,s4aq40a1,Labour (S4A - main job),CONFIRMED,str,"1-digit ISCO-style major group (10 categories incl. Armed forces), main job only."
hh_size,B5,hh_size,(derived: rows per hh_key per quarter),Roster,DERIVED,int,Count of roster rows sharing the same (year x quarter x cluster x HholdID).
hh_children_u15,B5,hh_children_u15,(derived from age within hh-quarter),Roster,DERIVED,int,Count of household members aged <15 in the same year x quarter x household.
hh_other_earners,B5,hh_other_earners,(derived from labour_status4 within hh-quarter),Roster,DERIVED,int,Count of OTHER household members (excluding self) classified formally/informally employed in the same year x quarter x household.
econact,B2,econact,econact,Labour (derived by GSS),CONFIRMED,str,"GSS-derived ILO activity status: 'Employed' / 'Unemployed' / 'Not active'. 0% missing for working-age (15+) rows in every quarter checked (2022) -- this is the Gate 1 evidence."
worked_flag,B2,worked,worked,Labour (derived by GSS),CONFIRMED,float,GSS-derived 0/1 flag for having done any work in the reference period. Cross-check against econact.
status_in_job,B3,status_in_job,s4aq46,Labour (S4A - main job),CONFIRMED,str,"ICSE-like status in main job (12 categories: paid employee, casual worker, paid/unpaid apprentice, agric/non-agric self-employed with/without employees, agric/non-agric contributing family worker, domestic worker, other). 0% missing among econact=='Employed' in 2022 -- this is the core Gate 3 item."
institutional_sector,B3,inst_sector,s4aq42,Labour (S4A - main job),CONFIRMED,str,"9-category institutional sector of the main job (Public/Semi-public/Private Formal/Private Informal/Local NGO/Intl NGO/Religious local/Religious intl/International org). 0% missing among the employed (main job) in 2022, including the self-employed -- this is what makes an enterprise-based informality route usable even where contract/SSNIT are skip-patterned to employees only."
has_contract,B3,has_contract,s4aq47,Labour (S4A - main job),CONFIRMED,str,"'Yes, written' / 'Yes, verbal/oral' / 'No'. Universe = paid employee or casual worker (per s4aq46) ONLY -- ~99.3% non-missing within that universe in 2022, ~99.4% missing outside it. This is a GSS skip pattern, not a data-quality problem; do not treat non-employee missingness as informal by default without checking status_in_job first (the construction rule in scripts/construct.py handles this)."
social_security_entitled,B3,soc_sec_entitled,s4aq51,Labour (S4A - main job),CONFIRMED,str,"Yes/No, entitled to any social security benefit in main job. Same employee-only skip pattern as has_contract."
ssnit_scheme,B3,ssnit_flag,s4aq52c,Labour (S4A - main job),CONFIRMED,str,"Yes/No SSNIT enrolment specifically. Populated only for the subset who answered Yes to social_security_entitled AND itemised SSNIT among benefit types -- ~92% missing even within paid employees in 2022. Too thin to use as the primary informality criterion on its own; used only as a supporting/robustness item, not the headline rule (see docs/codebook.md, Gate 3)."
payment_amount,B4,earn_amount,s4aq55a,Labour (S4A - main job),CONFIRMED,float,"Cash payment amount for the main job, last pay period. Universe = paid employee/casual worker; ~80% missing among ALL employed in 2022 because only ~20% of the employed are wage employees -- expected, not a defect. Gate 5 verdict: usable only as a wage-subsample robustness variable, not a general covariate (matches the spec's own caution)."
payment_time_unit,B4,earn_time_unit,s4aq55b,Labour (S4A - main job),CONFIRMED,str,Pay period unit (daily/weekly/monthly/etc.) for payment_amount.
actual_hours,B4,actual_hours,s4cq1,Labour (S4C - hours summary),CONFIRMED,float,Total hours of work across all economic activities in the past 7 days -- the general actual-hours item (not job-specific).
available_more_hours,B4,avail_more_hours,s4cq3,Labour (S4C - underemployment),CONFIRMED,str,Available for additional hours of work in the past 7 days -- feeds time-related underemployment.
